1,00111161,Drama
2,00068646,Crime
3,00068646,Drama
4,00468569,Action
5,00468569,Crime
6,00468569,Drama
7,00071562,Crime
8,00071562,Drama
9,00050083,Crime
10,00050083,Drama
11,00108052,Biography
12,00108052,Drama
13,00108052,History
14,00167260,Action
15,00167260,Adventure
16,00167260,Drama
17,00110912,Crime
18,00110912,Drama
19,00120737,Action
20,00120737,Adventure
21,00120737,Drama
22,00060196,Adventure
23,00060196,Western
24,00109830,Drama
25,00109830,Romance
26,00137523,Drama
27,00167261,Action
28,00167261,Adventure
29,00167261,Drama
30,01375666,Action
31,01375666,Adventure
32,01375666,Sci-Fi
34,00080684,Action
35,00080684,Adventure
36,00080684,Fantasy
37,00133093,Action
38,00133093,Sci-Fi
40,00099685,Biography
41,00099685,Crime
42,00099685,Drama
43,09362722,Animation
44,09362722,Action
45,09362722,Adventure
46,00073486,Drama
47,00114369,Crime
48,00114369,Drama
49,00114369,Mystery
50,00038650,Drama
51,00038650,Family
52,00038650,Fantasy
53,00047478,Action
54,00047478,Drama
55,00102926,Crime
56,00102926,Drama
57,00102926,Thriller
58,00816692,Adventure
59,00816692,Drama
60,00816692,Sci-Fi
62,00120815,Drama
63,00120815,War
64,00317248,Crime
65,00317248,Drama
66,00118799,Comedy
67,00118799,Drama
68,00118799,Romance
69,00120689,Crime
70,00120689,Drama
71,00120689,Fantasy
72,00076759,Action
73,00076759,Adventure
74,00076759,Fantasy
75,00103064,Action
76,00103064,Sci-Fi
78,00088763,Adventure
79,00088763,Comedy
80,00088763,Sci-Fi
82,00245429,Animation
83,00245429,Adventure
84,00245429,Family
85,00253474,Biography
86,00253474,Drama
87,00253474,Music
88,00054215,Horror
89,00054215,Mystery
90,00054215,Thriller
91,06751668,Drama
92,06751668,Thriller
93,00172495,Action
94,00172495,Adventure
95,00172495,Drama
96,00110357,Animation
97,00110357,Adventure
98,00110357,Drama
99,00110413,Action
100,00110413,Crime
101,00110413,Drama
102,15398776,Biography
103,15398776,Drama
104,15398776,History
105,00120586,Crime
106,00120586,Drama
107,00407887,Crime
108,00407887,Drama
109,00407887,Thriller
110,02582802,Drama
111,02582802,Music
112,00482571,Drama
113,00482571,Mystery
114,00482571,Sci-Fi
116,00114814,Crime
117,00114814,Drama
118,00114814,Mystery
119,00095327,Animation
120,00095327,Drama
121,00095327,War
122,00034583,Drama
123,00034583,Romance
124,00034583,War
125,00056058,Action
126,00056058,Drama
127,00056058,Mystery
128,01675434,Biography
129,01675434,Comedy
130,01675434,Drama
131,00027977,Comedy
132,00027977,Drama
133,00027977,Romance
134,00095765,Drama
135,00095765,Romance
136,00064116,Western
137,00047396,Mystery
138,00047396,Thriller
139,00078748,Horror
140,00078748,Sci-Fi
142,00021749,Comedy
143,00021749,Drama
144,00021749,Romance
145,00078788,Drama
146,00078788,Mystery
147,00078788,War
148,00209144,Mystery
149,00209144,Thriller
150,01853728,Drama
151,01853728,Western
152,00082971,Action
153,00082971,Adventure
154,00910970,Animation
155,00910970,Adventure
156,00910970,Family
157,00405094,Drama
158,00405094,Mystery
159,00405094,Thriller
160,00043014,Drama
161,00043014,Film-
162,00043014,Noir
163,00050825,Drama
164,00050825,War
165,04154756,Action
166,04154756,Adventure
167,04154756,Sci-Fi
169,00081505,Drama
170,00081505,Horror
171,00032553,Comedy
172,00032553,Drama
173,00032553,War
174,00051201,Crime
175,00051201,Drama
176,00051201,Mystery
177,04633694,Animation
178,04633694,Action
179,04633694,Adventure
180,00090605,Action
181,00090605,Adventure
182,00090605,Sci-Fi
184,00169547,Drama
185,01345836,Action
186,01345836,Drama
187,01345836,Thriller
188,00361748,Adventure
189,00361748,Drama
190,00361748,War
191,00057012,Comedy
192,00057012,War
193,00364569,Action
194,00364569,Drama
195,00364569,Mystery
196,02380307,Animation
197,02380307,Adventure
198,02380307,Drama
199,00086879,Biography
200,00086879,Drama
201,00086879,Music
202,00114709,Animation
203,00114709,Adventure
204,00114709,Comedy
205,00082096,Drama
206,00082096,War
207,00112573,Biography
208,00112573,Drama
209,00112573,History
210,07286456,Crime
211,07286456,Drama
212,07286456,Thriller
213,04154796,Action
214,04154796,Adventure
215,04154796,Drama
216,00119698,Animation
217,00119698,Action
218,00119698,Adventure
219,00119217,Drama
220,00119217,Romance
221,00087843,Crime
222,00087843,Drama
223,05311514,Animation
224,05311514,Drama
225,05311514,Fantasy
226,01187043,Comedy
227,01187043,Drama
228,00057565,Crime
229,00057565,Drama
230,00057565,Mystery
231,00045152,Comedy
232,00045152,Musical
233,00045152,Romance
234,00180093,Drama
235,08267604,Drama
236,00435761,Animation
237,00435761,Adventure
238,00435761,Comedy
239,00091251,Drama
240,00091251,Thriller
241,00091251,War
242,00086190,Action
243,00086190,Adventure
244,00086190,Fantasy
245,00338013,Drama
246,00338013,Romance
247,00338013,Sci-Fi
249,00062622,Adventure
250,00062622,Sci-Fi
252,02106476,Drama
253,00105236,Crime
254,00105236,Thriller
255,00044741,Drama
256,00056172,Adventure
257,00056172,Biography
258,00056172,Drama
259,00033467,Drama
260,00033467,Mystery
261,00022100,Crime
262,00022100,Mystery
263,00022100,Thriller
264,00053125,Action
265,00053125,Adventure
266,00053125,Mystery
267,00053604,Comedy
268,00053604,Drama
269,00053604,Romance
270,00052357,Mystery
271,00052357,Romance
272,00052357,Thriller
273,00036775,Crime
274,00036775,Drama
275,00036775,Film-
276,00036775,Noir
277,00211915,Comedy
278,00211915,Romance
279,00086250,Crime
280,00086250,Drama
281,00093058,Drama
282,00093058,War
283,00066921,Crime
284,00066921,Sci-Fi
286,01255953,Drama
287,01255953,Mystery
288,01255953,War
289,08503618,Biography
290,08503618,Drama
291,08503618,History
292,00113277,Action
293,00113277,Crime
294,00113277,Drama
295,01049413,Animation
296,01049413,Adventure
297,01049413,Comedy
298,00056592,Crime
299,00056592,Drama
300,00070735,Comedy
301,00070735,Crime
302,00070735,Drama
303,01832382,Drama
304,00097576,Action
305,00097576,Adventure
306,00017136,Drama
307,00017136,Sci-Fi
309,00095016,Action
310,00095016,Thriller
311,00119488,Crime
312,00119488,Drama
313,00119488,Mystery
314,00040522,Drama
315,00208092,Comedy
316,00208092,Crime
317,00986264,Drama
318,00986264,Family
319,00075314,Crime
320,00075314,Drama
321,08579674,Action
322,08579674,Drama
323,08579674,War
324,00363163,Biography
325,00363163,Drama
326,00363163,History
327,05074352,Action
328,05074352,Biography
329,05074352,Drama
330,01745960,Action
331,01745960,Drama
332,00059578,Drama
333,00059578,Western
334,00372784,Action
335,00372784,Crime
336,00372784,Drama
337,00053291,Comedy
338,00053291,Music
339,00053291,Romance
340,00012349,Comedy
341,00012349,Drama
342,00012349,Family
343,00993846,Biography
344,00993846,Comedy
345,00993846,Crime
346,10272386,Drama
347,10272386,Mystery
348,06966692,Biography
349,06966692,Comedy
350,06966692,Drama
351,00042192,Drama
352,00055031,Drama
353,00055031,War
354,00120382,Comedy
355,00120382,Drama
356,00469494,Drama
357,00089881,Action
358,00089881,Drama
359,00089881,War
360,00112641,Crime
361,00112641,Drama
362,01130884,Mystery
363,01130884,Thriller
364,00457430,Drama
365,00457430,Fantasy
366,00457430,War
367,00167404,Drama
368,00167404,Mystery
369,00167404,Thriller
370,00105695,Drama
371,00105695,Western
372,00107290,Action
373,00107290,Adventure
374,00107290,Sci-Fi
376,00268978,Biography
377,00268978,Drama
378,00040897,Adventure
379,00040897,Drama
380,00040897,Western
381,00055630,Action
382,00055630,Drama
383,00055630,Thriller
384,00477348,Crime
385,00477348,Drama
386,00477348,Thriller
387,00071853,Adventure
388,00071853,Comedy
389,00071853,Fantasy
390,00266697,Action
391,00266697,Crime
392,00266697,Thriller
393,00057115,Adventure
394,00057115,Drama
395,00057115,History
396,00084787,Horror
397,00084787,Mystery
398,00084787,Sci-Fi
400,00042876,Crime
401,00042876,Drama
402,00042876,Mystery
403,00266543,Animation
404,00266543,Adventure
405,00266543,Comedy
406,00080678,Biography
407,00080678,Drama
408,00071315,Drama
409,00071315,Mystery
410,00071315,Thriller
411,10872600,Action
412,10872600,Adventure
413,10872600,Fantasy
414,00031381,Drama
415,00031381,Romance
416,00031381,War
417,00434409,Action
418,00434409,Drama
419,00434409,Sci-Fi
421,00046912,Crime
422,00046912,Thriller
423,00347149,Animation
424,00347149,Adventure
425,00347149,Family
426,00081398,Biography
427,00081398,Drama
428,00081398,Sport
429,00120735,Action
430,00120735,Comedy
431,00120735,Crime
432,01305806,Drama
433,01305806,Mystery
434,01305806,Romance
435,02096673,Animation
436,02096673,Adventure
437,02096673,Comedy
438,01392214,Crime
439,01392214,Drama
440,01392214,Mystery
441,05027774,Comedy
442,05027774,Crime
443,05027774,Drama
444,00050212,Adventure
445,00050212,Drama
446,00050212,War
447,00117951,Drama
448,00116282,Crime
449,00116282,Thriller
450,01291584,Action
451,01291584,Drama
452,01291584,Sport
453,01205489,Drama
454,00264464,Biography
455,00264464,Crime
456,00264464,Drama
457,00096283,Animation
458,00096283,Comedy
459,00096283,Family
460,00405159,Drama
461,00405159,Sport
462,04729430,Animation
463,04729430,Adventure
464,04729430,Comedy
465,01201607,Adventure
466,01201607,Family
467,01201607,Fantasy
468,00118849,Drama
469,00118849,Family
470,00118849,Sport
471,00083658,Action
472,00083658,Drama
473,00083658,Sci-Fi
475,02024544,Biography
476,02024544,Drama
477,02024544,History
478,00112471,Drama
479,00112471,Romance
480,00015864,Adventure
481,00015864,Comedy
482,00015864,Drama
483,02278388,Adventure
484,02278388,Comedy
485,02278388,Crime
486,00052618,Adventure
487,00052618,Drama
488,02267998,Drama
489,02267998,Mystery
490,02267998,Thriller
491,00047296,Crime
492,00047296,Drama
493,00047296,Thriller
494,00072684,Adventure
495,00072684,Drama
496,00072684,War
497,02119532,Biography
498,02119532,Drama
499,02119532,History
500,00107207,Biography
501,00107207,Crime
502,00107207,Drama
503,00017925,Action
504,00017925,Adventure
505,00017925,Comedy
506,00077416,Drama
507,00077416,War
508,00353969,Crime
509,00353969,Drama
510,00353969,Mystery
511,00050986,Drama
512,00050986,Romance
513,00046268,Adventure
514,00046268,Drama
515,00046268,Thriller
516,00041959,Film-
517,00041959,Noir
518,00041959,Mystery
519,00041959,Thriller
520,03011894,Comedy
521,03011894,Drama
522,03011894,Thriller
523,00015324,Action
524,00015324,Comedy
525,00015324,Romance
526,01392190,Action
527,01392190,Adventure
528,01392190,Sci-Fi
530,00097165,Comedy
531,00097165,Drama
532,00031679,Comedy
533,00031679,Drama
534,00198781,Animation
535,00198781,Adventure
536,00198781,Comedy
537,00892769,Animation
538,00892769,Action
539,00892769,Adventure
540,00073195,Adventure
541,00073195,Mystery
542,00073195,Thriller
543,00978762,Animation
544,00978762,Comedy
545,00978762,Drama
546,00050976,Drama
547,00050976,Fantasy
548,03170832,Drama
549,03170832,Thriller
550,00118715,Comedy
551,00118715,Crime
552,01950186,Action
553,01950186,Biography
554,01950186,Drama
555,00046438,Drama
556,00382932,Animation
557,00382932,Adventure
558,00382932,Comedy
559,00075148,Drama
560,00075148,Sport
561,00395169,Biography
562,00395169,Drama
563,00395169,History
564,00019254,Biography
565,00019254,Drama
566,00019254,History
567,03315342,Action
568,03315342,Drama
569,03315342,Sci-Fi
571,00091763,Drama
572,00091763,War
573,01895587,Biography
574,01895587,Crime
575,01895587,Drama
576,00088247,Action
577,00088247,Sci-Fi
579,15097216,Crime
580,15097216,Drama
581,15097216,Mystery
582,00381681,Drama
583,00381681,Romance
584,01979320,Action
585,01979320,Biography
586,01979320,Drama
587,00074958,Drama
588,00092005,Adventure
589,00092005,Comedy
590,00092005,Drama
591,00036868,Drama
592,00036868,Romance
593,00036868,War
594,00113247,Crime
595,00113247,Drama
596,00032138,Adventure
597,00032138,Family
598,00032138,Fantasy
599,00758758,Adventure
600,00758758,Biography
601,00758758,Drama
602,00070047,Horror
603,00325980,Action
604,00325980,Adventure
605,00325980,Fantasy
606,00317705,Animation
607,00317705,Action
608,00317705,Adventure
609,00035446,Comedy
610,00035446,Romance
611,00035446,War
612,00107048,Comedy
613,00107048,Drama
614,00107048,Fantasy
615,00032551,Drama
616,01028532,Biography
617,01028532,Drama
618,01028532,Family
619,00476735,Drama
620,00476735,Family
621,00058946,Drama
622,00058946,War
623,04016934,Drama
624,04016934,Romance
625,04016934,Thriller
626,00245712,Drama
627,00245712,Thriller
628,00032976,Drama
629,00032976,Film-
630,00032976,Noir
631,00032976,Mystery
632,00061512,Crime
633,00061512,Drama
634,00059742,Biography
635,00059742,Drama
636,00059742,Family
637,00048473,Drama
638,00025316,Comedy
639,00025316,Romance
640,00129167,Animation
641,00129167,Action
642,00129167,Adventure
643,00053198,Crime
644,00053198,Drama
645,01454029,Drama
646,00060827,Drama
647,00060827,Thriller
648,00079470,Comedy
649,00103639,Animation
650,00103639,Adventure
651,00103639,Comedy
652,00099348,Adventure
653,00099348,Drama
654,00099348,Western
